Test_Date,County_Code,Zip_Code,Positive_Cases,Total_Tests
4/1/20,27,12571,1,5
4/1/20,47,11232,15,23
4/1/20,71,12253,1,1
4/1/20,805,7052,0,1
4/1/20,27,12601,17,48
4/1/20,5,10466,52,87
4/1/20,27,12522,0,3
4/1/20,39,12414,1,5
4/1/20,805,7401,0,3
4/1/20,39,12423,0,1
4/1/20,61,11016,1,1
4/1/20,805,32701,0,1
4/1/20,119,10553,15,22
4/1/20,59,11577,7,18
4/1/20,59,11557,8,13
4/1/20,59,11563,11,22
4/1/20,119,10567,13,23
4/1/20,7,13760,0,3
4/1/20,61,10026,8,12
4/1/20,9,14141,0,1
4/1/20,805,60613,0,1
4/1/20,805,75071,0,1
4/1/20,805,7650,0,1
4/1/20,103,11948,1,3
4/1/20,9,14727,0,2
4/1/20,71,12552,1,1
4/1/20,805,7024,1,4
4/1/20,115,12839,0,4
4/1/20,103,11968,4,8
4/1/20,7,13905,0,6
4/1/20,61,10069,1,3
4/1/20,111,12481,0,2
4/1/20,79,10516,0,3
4/1/20,61,11476,0,1
4/1/20,53,13122,0,1
4/1/20,805,7601,0,1
4/1/20,805,6850,0,1
4/1/20,805,33603,1,1
4/1/20,119,,65,105
4/1/20,5,10459,38,62
4/1/20,805,22066,0,2
4/1/20,89,13669,3,7
4/1/20,61,10028,14,37
4/1/20,67,13188,0,1
4/1/20,1,12208,0,8
4/1/20,47,11203,42,70
4/1/20,75,13126,2,32
4/1/20,103,11747,10,15
4/1/20,103,11738,7,13
4/1/20,7,,3,15
4/1/20,103,11705,1,6
4/1/20,103,11782,13,22
4/1/20,805,7305,2,4
4/1/20,805,7645,1,2
4/1/20,67,13205,1,8
4/1/20,47,11252,0,1
4/1/20,61,10038,5,14
4/1/20,119,10594,1,3
4/1/20,97,14869,0,1
4/1/20,57,12010,1,10
4/1/20,7,13790,1,7
4/1/20,95,12149,0,1
4/1/20,55,14514,0,7
4/1/20,71,10963,0,4
4/1/20,805,7421,0,1
4/1/20,111,12568,1,2
4/1/20,805,21901,0,2
4/1/20,119,10518,1,1
4/1/20,805,8750,0,1
4/1/20,103,11933,0,3
4/1/20,29,14001,1,3
4/1/20,805,6851,0,2
4/1/20,61,10162,0,4
4/1/20,805,60060,0,1
4/1/20,805,86338,0,1
4/1/20,805,18106,0,1
4/1/20,85,10313,0,1
4/1/20,805,8550,0,2
4/1/20,805,7001,0,2
4/1/20,1,12183,0,1
4/1/20,59,11735,20,35
4/1/20,61,10033,22,31
4/1/20,47,11219,84,118
4/1/20,805,7834,0,2
4/1/20,37,14020,1,20
4/1/20,5,10472,42,62
4/1/20,81,11370,53,71
4/1/20,59,11040,41,75
4/1/20,103,11937,4,23
4/1/20,67,13088,1,9
4/1/20,71,12780,1,2
4/1/20,69,14424,2,7
4/1/20,81,11378,8,24
4/1/20,47,11225,18,29
4/1/20,61,10039,5,9
4/1/20,29,14031,1,8
4/1/20,119,10502,5,11
4/1/20,87,10983,3,11
4/1/20,31,12803,0,1
4/1/20,103,11786,4,6
4/1/20,17,13460,0,2
4/1/20,59,11011,1,2
4/1/20,111,12449,2,3
4/1/20,111,12409,0,3
4/1/20,39,12058,1,1
4/1/20,37,14525,0,1
4/1/20,29,14033,0,1
4/1/20,111,12466,0,2
4/1/20,805,7463,0,2
4/1/20,33,12953,0,2
4/1/20,37,14040,0,1
4/1/20,83,12198,1,3
4/1/20,115,12828,1,1
4/1/20,29,14102,1,2
4/1/20,805,8648,0,1
4/1/20,805,80840,2,2
4/1/20,1,12303,0,1
4/1/20,69,14456,0,4
4/1/20,805,20659,0,1
4/1/20,101,14823,0,2
4/1/20,29,14080,1,1
4/1/20,13,14081,0,1
4/1/20,83,12094,0,1
4/1/20,805,7660,1,1
4/1/20,121,14024,1,1
4/1/20,87,1956,1,1
4/1/20,43,13357,0,1
4/1/20,29,14055,0,1
4/1/20,55,14620,4,20
4/1/20,81,11411,20,23
4/1/20,29,14221,10,40
4/1/20,103,11949,4,12
4/1/20,59,11783,7,19
4/1/20,55,14613,1,9
4/1/20,23,13045,0,23
4/1/20,47,11211,39,55
4/1/20,81,11374,29,57
4/1/20,85,10314,44,80
4/1/20,89,13646,1,1
4/1/20,61,10029,29,52
4/1/20,103,11702,9,15
4/1/20,29,14225,10,23
4/1/20,29,14075,4,15
4/1/20,87,10965,21,43
4/1/20,103,11703,12,21
4/1/20,119,10598,13,32
4/1/20,103,11725,17,33
4/1/20,81,11106,8,21
4/1/20,83,12154,0,3
4/1/20,7,13850,0,5
4/1/20,805,7047,0,1
4/1/20,29,14043,2,16
4/1/20,109,14867,0,5
4/1/20,71,10932,1,2
4/1/20,53,13408,0,3
4/1/20,81,11414,16,20
4/1/20,13,14136,0,2
4/1/20,805,8021,0,1
4/1/20,29,14072,5,12
4/1/20,111,12432,0,1
4/1/20,63,14028,1,1
4/1/20,59,11509,2,6
4/1/20,805,7675,0,2
4/1/20,805,7083,2,3
4/1/20,25,12474,0,1
4/1/20,67,13108,2,5
4/1/20,805,60619,0,1
4/1/20,805,7079,0,1
4/1/20,1,12210,0,2
4/1/20,61,10280,1,2
4/1/20,105,10940,0,2
4/1/20,805,7728,0,1
4/1/20,113,12836,0,1
4/1/20,805,7022,0,1
4/1/20,111,12475,0,1
4/1/20,805,8859,0,1
4/1/20,805,6794,0,1
4/1/20,3,14721,0,1
4/1/20,805,7067,2,2
4/1/20,25,13757,0,1
4/1/20,45,13616,0,1
4/1/20,65,13501,0,1
4/1/20,805,8807,1,1
4/1/20,805,7076,1,2
4/1/20,39,12463,0,1
4/1/20,69,,0,2
4/1/20,19,12929,0,1
4/1/20,53,13030,0,1
4/1/20,29,14206,0,9
4/1/20,59,11520,29,49
4/1/20,103,11717,122,176
4/1/20,51,14485,0,1
4/1/20,119,10532,2,11
4/1/20,55,14626,2,17
4/1/20,119,10550,34,55
4/1/20,29,14204,4,9
4/1/20,67,13204,0,9
4/1/20,5,10460,37,58
4/1/20,83,12180,3,10
4/1/20,81,11385,59,97
4/1/20,29,14051,3,12
4/1/20,71,10925,3,6
4/1/20,81,11358,13,20
4/1/20,105,12759,0,3
4/1/20,59,11598,1,19
4/1/20,91,12020,3,12
4/1/20,61,99999,1,3
4/1/20,15,14904,0,2
4/1/20,71,10969,0,1
4/1/20,71,10916,3,7
4/1/20,805,8873,2,5
4/1/20,71,10918,10,23
4/1/20,27,12585,0,2
4/1/20,95,12167,0,2
4/1/20,805,7080,1,2
4/1/20,113,12801,0,2
4/1/20,27,12501,2,2
4/1/20,105,12791,0,1
4/1/20,3,14715,0,2
4/1/20,115,12057,1,1
4/1/20,101,14820,0,1
4/1/20,805,60655,1,2
4/1/20,71,10933,0,1
4/1/20,103,11931,1,1
4/1/20,45,13619,0,2
4/1/20,83,12052,1,1
4/1/20,67,13029,0,1
4/1/20,21,12530,0,1
4/1/20,123,14478,0,1
4/1/20,69,14532,0,1
4/1/20,47,11208,51,77
4/1/20,5,10468,66,100
4/1/20,47,11235,38,91
4/1/20,81,11367,22,33
4/1/20,81,11372,49,69
4/1/20,5,10361,0,1
4/1/20,87,10920,13,33
4/1/20,81,,45,76
4/1/20,29,14150,6,20
4/1/20,55,14526,0,5
4/1/20,55,14586,18,34
4/1/20,59,11565,3,7
4/1/20,805,,5,17
4/1/20,805,19335,0,1
4/1/20,805,7010,1,3
4/1/20,71,10992,4,15
4/1/20,61,10024,14,28
4/1/20,805,8724,1,6
4/1/20,119,10570,6,18
4/1/20,29,14032,0,4
4/1/20,119,10703,19,36
4/1/20,87,10913,4,8
4/1/20,59,11575,24,29
4/1/20,71,10979,0,1
4/1/20,103,11707,1,2
4/1/20,103,11955,2,7
4/1/20,21,12130,0,1
4/1/20,103,11942,2,6
4/1/20,67,13110,0,1
4/1/20,59,11579,1,2
4/1/20,41,12164,0,1
4/1/20,27,12602,3,4
4/1/20,105,12763,0,1
4/1/20,805,6473,1,1
4/1/20,59,11771,4,7
4/1/20,805,7605,2,2
4/1/20,805,7075,0,1
4/1/20,21,12567,0,1
4/1/20,805,14588,1,1
4/1/20,1,12202,0,1
4/1/20,95,12093,0,1
4/1/20,71,10914,1,1
4/1/20,805,10606,1,1
4/1/20,49,13309,0,1
4/1/20,65,13502,0,1
4/1/20,21,12125,1,1
4/1/20,81,11422,24,35
4/1/20,5,10467,87,149
4/1/20,5,10454,15,26
4/1/20,103,11777,5,7
4/1/20,87,10960,16,34
4/1/20,81,11357,19,31
4/1/20,47,11218,50,112
4/1/20,111,12589,3,9
4/1/20,5,10451,32,49
4/1/20,805,8861,2,4
4/1/20,59,11550,84,111
4/1/20,61,10023,9,23
4/1/20,59,11753,4,16
4/1/20,103,11743,27,52
4/1/20,119,10805,18,42
4/1/20,89,13617,0,4
4/1/20,71,10973,1,8
4/1/20,119,10603,26,40
4/1/20,71,12771,2,18
4/1/20,67,13212,1,10
4/1/20,5,10464,6,8
4/1/20,105,12776,0,1
4/1/20,53,13035,1,6
4/1/20,805,60469,1,1
4/1/20,29,14216,4,16
4/1/20,119,10589,1,7
4/1/20,87,10974,2,4
4/1/20,61,10016,21,47
4/1/20,59,11023,9,12
4/1/20,103,11778,4,13
4/1/20,11,13140,0,1
4/1/20,59,11514,2,3
4/1/20,55,14546,0,2
4/1/20,53,13485,0,1
4/1/20,805,7724,1,3
4/1/20,45,13602,0,4
4/1/20,67,13031,1,8
4/1/20,37,14482,0,4
4/1/20,123,14512,1,2
4/1/20,9,14065,0,1
4/1/20,103,11935,1,3
4/1/20,805,7094,1,1
4/1/20,9,14731,0,2
4/1/20,1,12084,1,2
4/1/20,71,10981,0,1
4/1/20,805,85022,0,1
4/1/20,103,11752,1,2
4/1/20,9,14706,0,3
4/1/20,77,13439,0,1
4/1/20,109,14883,0,2
4/1/20,117,14555,0,1
4/1/20,105,12777,0,1
4/1/20,45,13673,0,1
4/1/20,37,14422,0,1
4/1/20,45,13691,0,1
4/1/20,1,12250,0,1
4/1/20,65,13308,0,1
4/1/20,805,7821,0,1
4/1/20,805,7871,0,1
4/1/20,109,14886,0,3
4/1/20,55,14609,2,13
4/1/20,87,U,6,10
4/1/20,61,10035,21,37
4/1/20,47,11237,19,32
4/1/20,59,11581,24,41
4/1/20,29,14226,6,18
4/1/20,29,14224,5,19
4/1/20,61,10019,5,23
4/1/20,103,11741,10,19
4/1/20,53,13032,2,9
4/1/20,61,10009,16,27
4/1/20,55,14605,0,6
4/1/20,27,12582,3,7
4/1/20,77,12116,0,1
4/1/20,805,7422,0,1
4/1/20,805,7086,2,3
4/1/20,81,11363,3,3
4/1/20,71,10987,1,7
4/1/20,29,14219,0,3
4/1/20,71,12520,5,5
4/1/20,45,13603,0,6
4/1/20,805,2631,0,1
4/1/20,103,11715,4,7
4/1/20,89,13679,0,1
4/1/20,103,11766,4,10
4/1/20,805,8830,1,3
4/1/20,805,6854,0,1
4/1/20,23,13040,0,2
4/1/20,71,12566,1,5
4/1/20,123,14527,0,4
4/1/20,81,11568,1,1
4/1/20,21,12526,1,4
4/1/20,25,13775,1,2
4/1/20,805,7430,0,1
4/1/20,17,13464,0,1
4/1/20,83,12061,0,1
4/1/20,89,13687,0,1
4/1/20,805,40013,0,1
4/1/20,3,14804,0,1
4/1/20,91,12871,0,1
4/1/20,103,11941,0,2
4/1/20,81,11042,1,1
4/1/20,107,14892,0,1
4/1/20,119,10505,0,1
4/1/20,47,11213,31,48
4/1/20,47,11216,14,30
4/1/20,5,10456,63,89
4/1/20,47,11212,43,62
4/1/20,61,10022,6,23
4/1/20,71,10924,11,28
4/1/20,59,11560,0,2
4/1/20,117,14589,1,3
4/1/20,81,11366,19,32
4/1/20,87,10956,42,99
4/1/20,37,14036,0,7
4/1/20,29,14030,0,1
4/1/20,91,12188,0,1
4/1/20,81,11360,8,14
4/1/20,103,11946,6,12
4/1/20,119,10602,1,1
4/1/20,45,13637,0,5
4/1/20,805,7203,1,1
4/1/20,111,12487,0,2
4/1/20,805,60459,1,1
4/1/20,55,14420,1,7
4/1/20,805,60482,0,1
4/1/20,27,12540,1,8
4/1/20,119,10588,2,2
4/1/20,91,12863,0,1
4/1/20,75,13114,1,6
4/1/20,103,11932,0,1
4/1/20,83,12062,1,1
4/1/20,51,14454,0,2
4/1/20,103,11718,1,2
4/1/20,29,14111,0,3
4/1/20,25,12155,0,1
4/1/20,115,12816,0,1
4/1/20,35,12095,0,2
4/1/20,109,14852,0,1
4/1/20,59,11551,1,1
4/1/20,805,6492,1,1
4/1/20,11,13118,0,2
4/1/20,111,12457,0,2
4/1/20,103,11965,0,1
4/1/20,33,12926,0,1
4/1/20,805,7423,0,1
4/1/20,61,11335,0,1
4/1/20,89,13630,0,1
4/1/20,59,11517,0,1
4/1/20,71,U,0,1
4/1/20,25,13856,1,1
4/1/20,59,11552,19,34
4/1/20,61,10031,21,29
4/1/20,111,12498,0,5
4/1/20,87,,49,72
4/1/20,103,11754,5,16
4/1/20,59,11518,3,6
4/1/20,75,13135,0,2
4/1/20,103,11798,30,45
4/1/20,49,13433,0,2
4/1/20,103,11767,14,24
4/1/20,81,11040,12,14
4/1/20,29,14059,3,6
4/1/20,103,11751,13,24
4/1/20,55,14559,0,7
4/1/20,119,10566,16,34
4/1/20,59,11596,4,10
4/1/20,41,12842,0,1
4/1/20,71,10919,0,4
4/1/20,105,12779,2,3
4/1/20,119,10706,3,7
4/1/20,67,13104,0,3
4/1/20,9,14770,0,1
4/1/20,805,7760,0,2
4/1/20,39,12015,1,1
4/1/20,103,11961,5,6
4/1/20,61,10463,1,1
4/1/20,103,11042,1,1
4/1/20,119,12603,1,1
4/1/20,805,60189,1,1
4/1/20,47,11240,0,2
4/1/20,43,13407,0,1
4/1/20,109,14853,0,2
4/1/20,805,98346,1,1
4/1/20,805,85006,0,1
4/1/20,55,14506,0,1
4/1/20,67,13060,0,1
4/1/20,805,21853,0,1
4/1/20,805,7946,0,1
4/1/20,805,60605,0,1
4/1/20,23,11231,1,1
4/1/20,55,0,0,1
4/1/20,75,13042,0,1
4/1/20,89,13625,0,1
4/1/20,95,12157,0,2
4/1/20,109,14851,0,1
4/1/20,95,12066,0,1
4/1/20,119,10573,31,57
4/1/20,47,11205,15,28
4/1/20,61,10013,4,14
4/1/20,59,11050,12,17
4/1/20,81,11377,43,64
4/1/20,103,11954,2,4
4/1/20,81,11104,7,18
4/1/20,79,10579,3,12
4/1/20,81,11692,11,17
4/1/20,81,11420,26,47
4/1/20,47,U,11,16
4/1/20,29,14222,3,13
4/1/20,805,75024,0,1
4/1/20,87,10989,6,17
4/1/20,81,11356,11,17
4/1/20,87,10994,8,20
4/1/20,25,13838,0,1
4/1/20,75,13076,0,1
4/1/20,27,12603,15,37
4/1/20,29,14025,1,2
4/1/20,805,86315,1,1
4/1/20,81,11429,20,28
4/1/20,91,12019,0,3
4/1/20,111,12566,0,6
4/1/20,89,13662,1,3
4/1/20,103,11934,5,8
4/1/20,63,14303,1,3
4/1/20,805,8520,2,3
4/1/20,113,12815,0,1
4/1/20,29,14085,1,4
4/1/20,119,10527,0,1
4/1/20,103,11739,2,4
4/1/20,805,8753,1,4
4/1/20,805,20151,0,1
4/1/20,805,7712,1,1
4/1/20,111,12480,0,1
4/1/20,99,13148,0,2
4/1/20,15,14871,0,2
4/1/20,111,12542,2,5
4/1/20,805,7646,1,4
4/1/20,805,8723,0,3
4/1/20,53,13402,1,4
4/1/20,105,12747,0,4
4/1/20,77,13750,0,1
4/1/20,71,12584,1,1
4/1/20,55,14625,0,1
4/1/20,27,12514,1,2
4/1/20,111,12525,0,1
4/1/20,111,12547,0,3
4/1/20,37,14125,0,1
4/1/20,81,11323,1,1
4/1/20,81,11102,11,15
4/1/20,67,13202,1,4
4/1/20,5,10462,59,101
4/1/20,47,11220,40,74
4/1/20,119,10803,6,24
4/1/20,61,10027,16,26
4/1/20,103,11951,6,11
4/1/20,47,11206,30,53
4/1/20,59,11714,15,27
4/1/20,805,60016,0,1
4/1/20,81,11379,21,31
4/1/20,91,12866,2,11
4/1/20,47,11238,22,37
4/1/20,55,14618,2,11
4/1/20,103,11730,10,20
4/1/20,69,14548,0,1
4/1/20,47,11204,35,63
4/1/20,103,11789,1,4
4/1/20,51,14414,0,6
4/1/20,91,12831,1,12
4/1/20,805,27616,0,1
4/1/20,91,12822,0,3
4/1/20,805,8823,1,1
4/1/20,1,12203,1,8
4/1/20,97,14889,0,1
4/1/20,805,7436,1,2
4/1/20,103,11977,0,3
4/1/20,61,10495,1,1
4/1/20,105,12736,0,1
4/1/20,91,12118,1,4
4/1/20,11,13156,0,1
4/1/20,805,33993,1,1
4/1/20,65,13492,0,2
4/1/20,29,14034,0,1
4/1/20,61,10007,1,3
4/1/20,805,7029,0,1
4/1/20,65,13476,0,2
4/1/20,49,13327,0,1
4/1/20,27,12578,1,1
4/1/20,77,13849,0,1
4/1/20,27,12583,0,1
4/1/20,43,13324,0,1
4/1/20,107,,0,1
4/1/20,53,13355,0,1
4/1/20,13,14750,1,1
4/1/20,805,6812,0,1
4/1/20,75,13145,0,1
4/1/20,805,7065,0,1
4/1/20,111,12416,0,1
4/1/20,805,66062,0,1
4/1/20,805,8033,0,1
4/1/20,5,10457,50,76
4/1/20,119,10580,6,24
4/1/20,61,10040,13,28
4/1/20,119,10562,32,64
4/1/20,91,12803,0,2
4/1/20,15,14845,0,4
4/1/20,77,13820,2,8
4/1/20,61,10011,8,23
4/1/20,805,7009,0,1
4/1/20,99,14847,0,2
4/1/20,83,,1,6
4/1/20,59,11510,26,42
4/1/20,67,13208,2,10
4/1/20,67,13057,0,8
4/1/20,97,14886,0,2
4/1/20,29,14047,0,2
4/1/20,111,12443,2,5
4/1/20,805,33180,0,1
4/1/20,5,12754,1,1
4/1/20,61,10037,10,18
4/1/20,9,14737,0,1
4/1/20,805,7107,1,2
4/1/20,67,13039,0,5
4/1/20,93,12309,1,9
4/1/20,805,86314,1,1
4/1/20,105,12765,0,2
4/1/20,805,60148,0,1
4/1/20,43,,0,1
4/1/20,805,7042,1,1
4/1/20,13,,1,2
4/1/20,53,13310,0,1
4/1/20,9,14755,0,2
4/1/20,805,7104,1,1
4/1/20,805,19901,0,1
4/1/20,69,14564,0,1
4/1/20,93,12304,1,3
4/1/20,805,7026,1,1
4/1/20,23,13784,0,1
4/1/20,67,13211,0,1
4/1/20,805,7738,0,1
4/1/20,47,11231,11,21
4/1/20,59,11553,30,43
4/1/20,103,11729,27,53
4/1/20,47,11230,47,77
4/1/20,47,11210,36,52
4/1/20,87,10901,24,53
4/1/20,85,10303,13,26
4/1/20,81,11101,18,27
4/1/20,81,11418,23,41
4/1/20,31,12974,0,1
4/1/20,81,11004,15,27
4/1/20,61,10002,15,36
4/1/20,5,,54,83
4/1/20,27,12590,8,26
4/1/20,61,U,5,5
4/1/20,45,13601,3,13
4/1/20,53,,0,3
4/1/20,103,11742,8,19
4/1/20,73,14098,0,1
4/1/20,67,13224,0,3
4/1/20,27,12524,6,15
4/1/20,61,10014,8,14
4/1/20,805,8005,0,1
4/1/20,117,14513,0,6
4/1/20,119,10506,0,5
4/1/20,61,10010,4,20
4/1/20,55,14608,1,6
4/1/20,119,10528,5,12
4/1/20,47,11202,0,2
4/1/20,29,14068,0,5
4/1/20,61,10017,2,5
4/1/20,805,6903,0,1
4/1/20,67,13219,1,13
4/1/20,45,13634,0,1
4/1/20,805,7017,1,2
4/1/20,103,11976,1,3
4/1/20,97,14865,1,1
4/1/20,805,37421,0,1
4/1/20,83,12168,1,2
4/1/20,73,14470,0,3
4/1/20,805,8852,1,2
4/1/20,805,32277,0,1
4/1/20,805,7470,0,1
4/1/20,805,18428,0,1
4/1/20,87,10964,4,4
4/1/20,805,85382,0,1
4/1/20,103,11952,1,4
4/1/20,9,,0,1
4/1/20,119,U,4,6
4/1/20,39,12442,0,1
4/1/20,105,12740,0,2
4/1/20,119,10511,1,1
4/1/20,27,12594,2,4
4/1/20,9,14171,0,1
4/1/20,805,33480,0,1
4/1/20,51,14487,0,1
4/1/20,805,7644,0,1
4/1/20,805,60515,0,1
4/1/20,103,11722,67,91
4/1/20,59,11507,2,7
4/1/20,805,7202,0,1
4/1/20,103,11706,81,125
4/1/20,119,10595,7,11
4/1/20,47,11229,31,62
4/1/20,67,,1,11
4/1/20,59,11793,22,38
4/1/20,59,11003,45,81
4/1/20,67,13210,1,6
4/1/20,51,14437,0,1
4/1/20,81,11433,14,24
4/1/20,89,13676,0,4
4/1/20,111,12477,1,13
4/1/20,103,11795,13,24
4/1/20,87,10970,11,26
4/1/20,81,11361,8,14
4/1/20,29,14213,2,10
4/1/20,45,13685,0,3
4/1/20,67,13203,0,6
4/1/20,103,11953,2,5
4/1/20,103,11716,4,6
4/1/20,117,14489,0,3
4/1/20,103,11792,5,8
4/1/20,103,11796,2,4
4/1/20,7,13904,0,5
4/1/20,103,11768,13,25
4/1/20,35,12078,2,5
4/1/20,93,12302,1,5
4/1/20,87,10976,2,5
4/1/20,67,13120,0,2
4/1/20,27,12545,0,3
4/1/20,93,12305,0,1
4/1/20,61,10004,1,1
4/1/20,27,12564,1,1
4/1/20,101,14870,0,2
4/1/20,5,U,3,3
4/1/20,805,7661,0,1
4/1/20,17,13155,0,1
4/1/20,805,8857,0,1
4/1/20,103,11947,1,1
4/1/20,49,13367,0,1
4/1/20,29,14084,0,1
4/1/20,69,14472,0,1
4/1/20,805,7621,1,2
4/1/20,805,23322,0,1
4/1/20,67,13164,0,1
4/1/20,805,7652,0,2
4/1/20,119,10705,31,54
4/1/20,29,14212,2,8
4/1/20,87,10980,18,41
4/1/20,119,10510,5,10
4/1/20,53,13421,0,7
4/1/20,81,11373,60,97
4/1/20,117,13146,0,1
4/1/20,85,10304,19,37
4/1/20,55,14619,5,16
4/1/20,103,11787,26,52
4/1/20,55,14616,2,19
4/1/20,81,11001,9,12
4/1/20,103,11769,7,13
4/1/20,83,12182,0,7
4/1/20,71,10922,2,5
4/1/20,63,14094,8,27
4/1/20,67,13027,0,11
4/1/20,121,14569,0,2
4/1/20,61,10030,6,10
4/1/20,59,11568,2,3
4/1/20,117,14568,2,5
4/1/20,101,14437,0,2
4/1/20,61,10012,1,10
4/1/20,67,13063,1,2
4/1/20,105,12748,0,2
4/1/20,63,14131,1,5
4/1/20,71,12575,1,4
4/1/20,61,10061,0,1
4/1/20,99,14541,0,1
4/1/20,79,12563,1,5
4/1/20,43,13502,0,1
4/1/20,93,12303,2,3
4/1/20,89,13668,0,2
4/1/20,119,10702,1,1
4/1/20,93,12306,1,4
4/1/20,805,7731,0,1
4/1/20,67,13084,0,2
4/1/20,17,13733,0,1
4/1/20,9,14719,1,1
4/1/20,805,85281,0,1
4/1/20,1,12222,0,2
4/1/20,101,14826,0,1
4/1/20,805,8755,0,2
4/1/20,805,18052,0,1
4/1/20,1,12009,0,2
4/1/20,75,13083,0,1
4/1/20,27,12574,0,1
4/1/20,805,7071,0,1
4/1/20,11,13166,0,1
4/1/20,805,18328,1,1
4/1/20,81,11375,46,79
4/1/20,71,10941,15,36
4/1/20,47,,134,211
4/1/20,117,14433,0,1
4/1/20,61,10065,11,28
4/1/20,29,14086,8,27
4/1/20,119,10704,23,46
4/1/20,47,11221,23,37
4/1/20,119,10813,1,1
4/1/20,81,11413,45,59
4/1/20,81,11354,18,25
4/1/20,97,14841,0,1
4/1/20,59,11801,24,46
4/1/20,51,14435,0,1
4/1/20,81,11103,6,20
4/1/20,119,10804,2,16
4/1/20,59,11559,11,16
4/1/20,805,7109,0,1
4/1/20,95,12122,0,2
4/1/20,29,14052,1,7
4/1/20,55,14623,2,12
4/1/20,55,14607,2,14
4/1/20,55,14534,0,7
4/1/20,29,14139,1,3
4/1/20,67,13215,0,8
4/1/20,805,7055,2,4
4/1/20,121,14525,1,2
4/1/20,9,14726,0,1
4/1/20,77,12155,0,1
4/1/20,805,60084,0,4
4/1/20,87,1952,1,1
4/1/20,805,8759,0,2
4/1/20,37,14056,0,1
4/1/20,119,10582,0,1
4/1/20,29,14057,0,1
4/1/20,61,10006,0,1
4/1/20,51,14482,0,1
4/1/20,61,10154,0,1
4/1/20,805,85041,0,1
4/1/20,805,8536,1,1
4/1/20,69,14469,0,2
4/1/20,119,12742,1,1
4/1/20,1,12209,0,2
4/1/20,103,11720,12,24
4/1/20,71,12583,0,1
4/1/20,29,14228,4,12
4/1/20,81,11362,10,15
4/1/20,59,1152,1,1
4/1/20,81,11423,28,40
4/1/20,59,11561,15,37
4/1/20,119,10548,16,27
4/1/20,59,11001,10,18
4/1/20,29,14004,2,6
4/1/20,59,11572,10,22
4/1/20,805,7030,0,4
4/1/20,103,11971,1,3
4/1/20,103,11950,10,17
4/1/20,119,10504,1,11
4/1/20,105,12566,0,4
4/1/20,805,8701,7,11
4/1/20,111,12428,0,4
4/1/20,51,14533,0,1
4/1/20,55,14445,1,5
4/1/20,805,13408,1,1
4/1/20,111,12404,0,2
4/1/20,35,,1,2
4/1/20,805,19713,0,1
4/1/20,103,11755,7,11
4/1/20,71,12577,0,5
4/1/20,67,13207,2,6
4/1/20,61,10044,3,4
4/1/20,63,14301,4,7
4/1/20,3,14065,0,1
4/1/20,113,12860,0,1
4/1/20,805,29206,0,1
4/1/20,105,12789,0,2
4/1/20,805,6615,1,1
4/1/20,51,14517,0,1
4/1/20,805,7604,0,1
4/1/20,805,7747,0,2
4/1/20,105,12758,0,1
4/1/20,105,,0,1
4/1/20,805,90004,1,1
4/1/20,103,11775,0,1
4/1/20,79,10542,1,1
4/1/20,105,12743,0,1
4/1/20,805,19464,0,1
4/1/20,63,14132,2,2
4/1/20,805,32792,1,1
4/1/20,805,19702,1,1
4/1/20,805,18840,0,1
4/1/20,805,8050,0,1
4/1/20,805,60643,0,1
4/1/20,19,,0,1
4/1/20,119,10710,27,58
4/1/20,5,10452,52,77
4/1/20,5,10475,43,82
4/1/20,103,11780,9,19
4/1/20,1,12204,0,3
4/1/20,71,10940,42,120
4/1/20,61,10025,16,26
4/1/20,55,14450,0,13
4/1/20,47,11222,8,21
4/1/20,55,14612,1,16
4/1/20,113,12845,0,1
4/1/20,45,13605,0,4
4/1/20,1,,2,28
4/1/20,23,13101,0,4
4/1/20,111,12528,5,14
4/1/20,41,12108,0,1
4/1/20,11,13021,1,9
4/1/20,23,13077,0,9
4/1/20,71,10928,1,1
4/1/20,89,13680,0,2
4/1/20,805,33162,1,1
4/1/20,33,12983,0,1
4/1/20,67,13138,0,1
4/1/20,65,13413,0,1
4/1/20,15,14905,0,3
4/1/20,97,14891,0,1
4/1/20,51,14480,0,1
4/1/20,805,18624,0,1
4/1/20,805,6518,0,1
4/1/20,15,14903,0,2
4/1/20,87,10931,0,1
4/1/20,805,60618,0,1
4/1/20,53,13061,0,1
4/1/20,51,14423,0,1
4/1/20,29,14026,1,1
4/1/20,81,11368,93,136
4/1/20,59,,52,203
4/1/20,111,12561,4,10
4/1/20,47,11234,41,59
4/1/20,81,11434,53,72
4/1/20,119,10591,17,34
4/1/20,81,11415,5,13
4/1/20,61,10001,4,14
4/1/20,81,11419,29,41
4/1/20,47,11233,29,49
4/1/20,59,11570,13,28
4/1/20,71,12553,16,53
4/1/20,59,11554,34,43
4/1/20,805,7306,0,7
4/1/20,81,11416,16,23
4/1/20,61,10032,27,39
4/1/20,59,11542,27,40
4/1/20,805,8831,3,18
4/1/20,103,11779,19,39
4/1/20,805,20740,0,1
4/1/20,805,6810,0,2
4/1/20,29,14127,2,14
4/1/20,47,11215,9,28
4/1/20,805,92009,0,1
4/1/20,61,10159,0,1
4/1/20,69,14471,0,1
4/1/20,85,10307,6,11
4/1/20,103,11980,0,3
4/1/20,59,11762,14,23
4/1/20,805,85225,0,1
4/1/20,63,14305,2,4
4/1/20,105,12723,1,3
4/1/20,105,12719,0,1
4/1/20,1,12077,2,2
4/1/20,55,14580,1,13
4/1/20,83,12018,0,1
4/1/20,107,13827,0,1
4/1/20,1,12206,1,5
4/1/20,43,13350,2,4
4/1/20,805,19030,1,1
4/1/20,805,7040,1,1
4/1/20,805,7501,0,1
4/1/20,61,10432,0,1
4/1/20,805,20906,0,1
4/1/20,115,12887,0,1
4/1/20,805,85210,0,1
4/1/20,61,,41,78
4/1/20,81,11691,31,55
4/1/20,119,10514,2,9
4/1/20,59,11580,35,63
4/1/20,5,10458,42,69
4/1/20,59,11501,20,38
4/1/20,103,11733,8,21
4/1/20,85,10301,18,30
4/1/20,71,10930,5,24
4/1/20,103,11704,28,45
4/1/20,35,12134,1,1
4/1/20,87,10962,3,9
4/1/20,79,10512,5,27
4/1/20,81,11421,26,42
4/1/20,29,14215,11,36
4/1/20,1,12211,0,1
4/1/20,805,7836,0,1
4/1/20,67,13209,1,7
4/1/20,81,11436,15,21
4/1/20,111,12484,0,4
4/1/20,103,11749,3,6
4/1/20,47,11201,10,23
4/1/20,55,14642,5,13
4/1/20,55,14611,3,11
4/1/20,59,11576,3,6
4/1/20,29,14201,3,10
4/1/20,61,10018,7,22
4/1/20,105,12721,4,12
4/1/20,119,10560,0,3
4/1/20,805,6902,0,1
4/1/20,805,6705,1,1
4/1/20,61,11510,1,1
4/1/20,117,14590,0,3
4/1/20,103,11721,2,3
4/1/20,805,8758,1,1
4/1/20,45,13606,0,2
4/1/20,103,11764,2,7
4/1/20,105,12775,1,2
4/1/20,61,11410,0,1
4/1/20,805,8810,0,1
4/1/20,7,13903,0,1
4/1/20,805,20032,0,1
4/1/20,61,10005,0,2
4/1/20,805,6840,0,1
4/1/20,805,75165,0,1
4/1/20,109,14847,0,1
4/1/20,75,13167,0,1
4/1/20,805,2532,0,1
4/1/20,81,U,0,1
4/1/20,119,10801,33,88
4/1/20,119,10701,38,85
4/1/20,87,10977,68,107
4/1/20,805,60463,0,1
4/1/20,85,10312,15,37
4/1/20,5,10453,49,78
4/1/20,59,11758,32,62
4/1/20,29,14202,1,3
4/1/20,81,11105,9,20
4/1/20,55,14621,0,18
4/1/20,103,11772,15,35
4/1/20,805,7103,1,1
4/1/20,805,60805,1,2
4/1/20,75,13142,2,9
4/1/20,79,10524,5,8
4/1/20,119,10530,5,19
4/1/20,1,12205,3,11
4/1/20,105,12764,0,1
4/1/20,81,11693,6,13
4/1/20,805,7950,1,2
4/1/20,45,13679,0,2
4/1/20,67,13078,1,4
4/1/20,27,12580,3,7
4/1/20,55,14606,2,14
4/1/20,29,14208,6,16
4/1/20,67,13041,0,2
4/1/20,9,14743,0,1
4/1/20,103,11783,3,3
4/1/20,9,14779,0,5
4/1/20,89,13694,0,1
4/1/20,805,7514,2,2
4/1/20,805,7302,1,3
4/1/20,89,13652,0,2
4/1/20,39,12454,1,1
4/1/20,71,10998,1,4
4/1/20,805,12520,1,1
4/1/20,805,20001,1,1
4/1/20,55,14464,1,2
4/1/20,91,12859,0,1
4/1/20,61,11480,0,1
4/1/20,3,14735,1,1
4/1/20,805,7424,1,1
4/1/20,91,12828,0,1
4/1/20,59,11606,1,1
4/1/20,805,40165,0,1
4/1/20,119,10707,10,21
4/1/20,5,10465,45,88
4/1/20,71,10990,12,32
4/1/20,61,10036,7,15
4/1/20,79,10541,12,39
4/1/20,59,11096,9,15
4/1/20,29,14227,5,22
4/1/20,805,20705,0,1
4/1/20,47,11214,23,54
4/1/20,119,10604,7,11
4/1/20,47,11228,19,30
4/1/20,27,12538,1,16
4/1/20,119,10605,12,35
4/1/20,59,11516,6,8
4/1/20,103,11790,6,8
4/1/20,77,13326,0,1
4/1/20,805,60406,0,1
4/1/20,805,6776,0,1
4/1/20,805,7719,0,2
4/1/20,37,14143,0,2
4/1/20,77,13320,0,2
4/1/20,105,12790,1,2
4/1/20,69,14425,0,4
4/1/20,805,60448,0,1
4/1/20,37,14011,0,1
4/1/20,805,40069,0,3
4/1/20,75,13302,0,1
4/1/20,805,99999,0,1
4/1/20,63,14095,0,1
4/1/20,119,10522,9,20
4/1/20,103,11713,12,18
4/1/20,103,,122,333
4/1/20,101,14807,3,3
4/1/20,63,14120,5,19
4/1/20,71,12533,1,3
4/1/20,85,10306,22,50
4/1/20,29,14211,1,18
4/1/20,103,11757,26,46
4/1/20,119,10577,2,4
4/1/20,119,10536,3,9
4/1/20,61,10128,14,44
4/1/20,119,10607,5,13
4/1/20,67,13206,0,7
4/1/20,91,12065,3,11
4/1/20,805,7205,1,1
4/1/20,805,40004,0,3
4/1/20,63,14105,0,1
4/1/20,805,7960,0,1
4/1/20,109,13073,0,5
4/1/20,119,11042,1,1
4/1/20,113,12808,0,1
4/1/20,119,10596,0,2
4/1/20,99,14860,0,1
4/1/20,107,13760,0,1
4/1/20,65,13425,1,1
4/1/20,11,13033,0,1
4/1/20,65,13483,1,1
4/1/20,59,U,1,2
4/1/20,805,7046,0,1
4/1/20,71,10921,1,3
4/1/20,105,12737,1,3
4/1/20,111,12446,0,1
4/1/20,805,19454,0,1
4/1/20,27,12572,4,18
4/1/20,109,14850,6,89
4/1/20,1,12110,1,5
4/1/20,87,10954,22,47
4/1/20,5,10455,19,33
4/1/20,11,13081,0,2
4/1/20,59,11010,16,20
4/1/20,81,11355,30,47
4/1/20,105,12788,1,3
4/1/20,119,10507,4,16
4/1/20,81,11426,11,22
4/1/20,119,10601,9,18
4/1/20,29,14218,1,6
4/1/20,83,12144,2,3
4/1/20,59,11756,20,45
4/1/20,55,14472,0,3
4/1/20,29,,0,2
4/1/20,805,30265,1,1
4/1/20,81,11697,1,3
4/1/20,93,12308,1,4
4/1/20,111,12515,0,2
4/1/20,105,12701,6,21
4/1/20,29,14207,0,6
4/1/20,87,10986,1,4
4/1/20,9,14760,0,5
4/1/20,45,13608,0,1
4/1/20,97,14818,0,1
4/1/20,805,7722,0,1
4/1/20,25,12167,0,1
4/1/20,71,12746,1,3
4/1/20,23,13053,0,1
4/1/20,119,10545,1,1
4/1/20,5,10400,1,1
4/1/20,805,7676,0,1
4/1/20,83,12090,0,1
4/1/20,805,8403,0,1
4/1/20,805,7508,0,1
4/1/20,21,12184,0,1
4/1/20,805,8844,0,1
4/1/20,61,10021,11,38
4/1/20,5,10463,40,74
4/1/20,103,11763,10,25
4/1/20,71,12549,6,20
4/1/20,109,14817,0,5
4/1/20,103,11776,16,25
4/1/20,69,14432,0,4
4/1/20,107,13811,0,1
4/1/20,65,,7,51
4/1/20,75,13036,0,4
4/1/20,27,12508,14,31
4/1/20,19,12972,0,1
4/1/20,805,7059,0,1
4/1/20,29,14214,4,15
4/1/20,101,14843,2,11
4/1/20,805,7307,0,1
4/1/20,67,13090,0,6
4/1/20,805,21771,0,2
4/1/20,79,10537,0,1
4/1/20,105,12722,0,1
4/1/20,45,13618,0,1
4/1/20,1,12143,0,1
4/1/20,805,7458,0,2
4/1/20,107,14883,0,4
4/1/20,119,10520,3,6
4/1/20,117,14522,0,2
4/1/20,805,22151,0,1
4/1/20,71,12729,1,1
4/1/20,805,7410,1,4
4/1/20,805,7036,1,1
4/1/20,805,17663,0,1
4/1/20,87,10968,1,4
4/1/20,1,12186,1,3
4/1/20,805,61801,0,1
4/1/20,805,7090,0,2
4/1/20,109,14882,0,2
4/1/20,805,20853,0,1
4/1/20,805,7701,0,1
4/1/20,119,10517,0,1
4/1/20,75,,0,1
4/1/20,47,11236,58,88
4/1/20,63,14092,0,5
4/1/20,59,11590,53,77
4/1/20,87,10927,20,37
4/1/20,5,10461,66,94
4/1/20,103,11731,17,34
4/1/20,805,18020,0,1
4/1/20,119,10552,24,40
4/1/20,85,10302,9,11
4/1/20,103,11967,14,41
4/1/20,805,20155,1,2
4/1/20,103,11901,7,14
4/1/20,71,10917,0,3
4/1/20,55,14617,2,13
4/1/20,59,11765,0,1
4/1/20,119,10543,12,36
4/1/20,85,10310,9,15
4/1/20,61,11581,1,1
4/1/20,29,99999,5,10
4/1/20,59,11797,2,7
4/1/20,119,10523,4,18
4/1/20,67,13217,0,1
4/1/20,65,13323,0,2
4/1/20,5,11042,1,1
4/1/20,59,11545,4,9
4/1/20,33,,0,4
4/1/20,805,8535,2,2
4/1/20,121,14011,1,2
4/1/20,93,,1,2
4/1/20,105,12751,0,1
4/1/20,11,13092,0,3
4/1/20,805,8817,0,1
4/1/20,103,11963,2,5
4/1/20,101,14810,0,2
4/1/20,805,7640,0,1
4/1/20,1,12159,0,1
4/1/20,805,7727,0,1
4/1/20,81,11432,31,55
4/1/20,47,11226,33,56
4/1/20,29,14006,2,3
4/1/20,103,11746,80,125
4/1/20,81,11428,20,29
4/1/20,103,11784,8,22
4/1/20,1,12054,1,6
4/1/20,5,10471,7,19
4/1/20,5,10474,6,7
4/1/20,81,11417,15,32
4/1/20,103,11726,20,27
4/1/20,53,13037,1,6
4/1/20,45,13622,0,3
4/1/20,47,11224,14,29
4/1/20,55,14622,1,5
4/1/20,75,13069,0,14
4/1/20,105,12786,0,1
4/1/20,59,11530,11,17
4/1/20,61,10282,2,5
4/1/20,55,14428,2,3
4/1/20,71,10926,3,10
4/1/20,59,11030,9,13
4/1/20,61,10034,19,28
4/1/20,59,11024,4,8
4/1/20,91,12027,0,2
4/1/20,71,12721,0,1
4/1/20,59,11802,1,1
4/1/20,103,11962,1,2
4/1/20,3,14880,1,2
4/1/20,805,7208,1,2
4/1/20,103,11940,0,4
4/1/20,805,60153,0,1
4/1/20,29,14170,0,1
4/1/20,67,13080,0,2
4/1/20,11,13160,0,2
4/1/20,805,20721,0,1
4/1/20,59,11569,1,1
4/1/20,79,12531,0,2
4/1/20,59,11709,2,6
4/1/20,103,11978,1,3
4/1/20,7,13748,0,1
4/1/20,805,60630,1,1
4/1/20,67,13214,0,1
4/1/20,805,1236,0,1
4/1/20,111,12456,0,2
4/1/20,805,6355,0,1
4/1/20,1,12309,0,1
4/1/20,81,11023,0,1
4/1/20,805,12754,1,1
4/1/20,805,7828,1,1
4/1/20,103,11750,1,1
4/1/20,117,14505,0,1
4/1/20,81,11005,1,1
4/1/20,805,7666,1,1
4/1/20,69,14504,0,1
4/1/20,805,18337,0,1
4/1/20,1,12007,0,1
4/1/20,119,10708,15,37
4/1/20,5,10473,77,118
4/1/20,47,11223,28,72
4/1/20,47,11249,19,33
4/1/20,119,10583,30,59
4/1/20,71,12550,39,87
4/1/20,81,11431,1,1
4/1/20,5,10469,79,127
4/1/20,59,11566,18,31
4/1/20,111,12401,6,21
4/1/20,81,11365,19,29
4/1/20,63,14172,0,1
4/1/20,39,12470,0,1
4/1/20,805,7050,1,2
4/1/20,105,12732,0,1
4/1/20,805,85205,0,1
4/1/20,59,11791,5,15
4/1/20,105,12754,2,8
4/1/20,1,12047,0,4
4/1/20,805,22180,0,1
4/1/20,67,13066,0,3
4/1/20,75,13131,0,6
4/1/20,71,12586,4,14
4/1/20,805,85044,0,1
4/1/20,55,14468,0,7
4/1/20,67,13082,0,2
4/1/20,1,12189,0,3
4/1/20,5,11462,1,1
4/1/20,65,13478,0,1
4/1/20,45,13656,0,1
4/1/20,27,12592,1,1
4/1/20,99,14521,0,2
4/1/20,59,11732,0,2
4/1/20,805,17401,0,1
4/1/20,805,6906,0,4
4/1/20,83,12033,0,2
4/1/20,59,11020,2,3
4/1/20,805,6708,1,1
4/1/20,71,10988,0,2
4/1/20,119,11035,1,1
4/1/20,805,7866,0,2
4/1/20,121,14066,1,1
4/1/20,805,46404,0,1
4/1/20,103,11944,2,5
4/1/20,45,13612,0,1
4/1/20,805,7624,0,1
4/1/20,45,13640,0,1
4/1/20,111,12486,1,1
4/1/20,111,12483,0,1
4/1/20,47,11576,1,1
4/1/20,101,14873,0,1
4/1/20,805,7005,0,1
4/1/20,119,10538,4,23
4/1/20,85,10305,25,45
4/1/20,73,14411,0,5
4/1/20,805,22404,0,1
4/1/20,59,11021,13,17
4/1/20,87,10984,2,8
4/1/20,71,12518,5,7
4/1/20,87,10952,62,106
4/1/20,71,10950,48,116
4/1/20,81,11412,28,39
4/1/20,55,14624,8,20
4/1/20,17,13332,1,5
4/1/20,805,6811,0,3
4/1/20,87,10993,10,15
4/1/20,805,7737,0,1
4/1/20,109,13068,0,4
4/1/20,47,11239,8,17
4/1/20,805,7087,2,5
4/1/20,805,60456,0,1
4/1/20,59,11042,1,2
4/1/20,27,12569,3,10
4/1/20,29,14220,3,6
4/1/20,81,11694,10,20
4/1/20,3,14895,1,4
4/1/20,29,14081,0,1
4/1/20,109,13053,0,4
4/1/20,117,14519,0,2
4/1/20,61,11024,1,1
4/1/20,21,12534,3,11
4/1/20,17,13815,1,5
4/1/20,1,12304,0,1
4/1/20,29,14210,2,23
4/1/20,71,12543,0,4
4/1/20,91,12170,0,2
4/1/20,115,12809,0,1
4/1/20,71,10958,1,5
4/1/20,17,13052,0,1
4/1/20,805,53714,0,1
4/1/20,15,14889,0,1
4/1/20,73,14420,0,2
4/1/20,47,10799,0,2
4/1/20,805,8512,0,1
4/1/20,19,12962,0,2
4/1/20,805,7746,0,1
4/1/20,805,8012,1,1
4/1/20,123,14544,0,1
4/1/20,805,20110,0,1
4/1/20,121,14530,0,2
4/1/20,805,6907,0,1
4/1/20,805,7704,0,1
4/1/20,111,12465,0,1
4/1/20,59,11710,19,47
4/1/20,47,11209,31,59
4/1/20,91,12833,0,3
4/1/20,805,7930,3,3
4/1/20,59,11803,17,28
4/1/20,55,14615,2,10
4/1/20,55,14627,1,1
4/1/20,99,13165,1,4
4/1/20,47,11217,10,19
4/1/20,29,14209,3,3
4/1/20,63,14304,6,13
4/1/20,805,7073,1,2
4/1/20,805,60625,0,1
4/1/20,119,10606,12,23
4/1/20,119,10547,3,9
4/1/20,103,11740,6,13
4/1/20,21,12565,0,1
4/1/20,85,,2,3
4/1/20,11,13026,0,2
4/1/20,65,13440,1,16
4/1/20,805,6484,0,1
4/1/20,27,,8,24
4/1/20,119,10709,8,22
4/1/20,79,10509,5,20
4/1/20,805,78249,0,1
4/1/20,113,12804,0,2
4/1/20,805,7450,0,1
4/1/20,61,10075,7,11
4/1/20,805,7039,2,3
4/1/20,59,11558,3,4
4/1/20,13,14701,0,2
4/1/20,805,8820,1,2
4/1/20,805,8882,1,3
4/1/20,111,12402,0,1
4/1/20,103,11939,0,1
4/1/20,805,7628,0,2
4/1/20,55,14610,0,1
4/1/20,103,11719,2,5
4/1/20,111,12548,0,1
4/1/20,119,10576,1,1
4/1/20,805,33414,0,1
4/1/20,805,8527,0,1
4/1/20,805,8742,0,1
4/1/20,805,33033,1,1
4/1/20,21,12172,0,1
4/1/20,11,13147,0,1
4/1/20,805,19934,0,1
4/1/20,121,14039,0,1
4/1/20,805,34110,0,1
4/1/20,805,28311,1,1
4/1/20,3,14739,0,1
4/1/20,805,16340,0,1
4/1/20,5,10470,9,26
4/1/20,87,10923,10,24
4/1/20,85,10309,19,41
4/1/20,81,11435,42,65
4/1/20,103,11701,20,42
4/1/20,85,10308,15,34
4/1/20,47,11207,40,69
4/1/20,103,11727,21,33
4/1/20,81,11369,31,45
4/1/20,61,10003,4,15
4/1/20,81,11427,16,27
4/1/20,119,10549,7,22
4/1/20,81,11364,7,15
4/1/20,29,14217,7,19
4/1/20,53,13346,3,20
4/1/20,103,11735,2,4
4/1/20,29,14203,2,3
4/1/20,119,10533,3,7
4/1/20,29,14223,2,9
4/1/20,71,,5,9
4/1/20,27,12533,10,25
4/1/20,103,11788,6,14
4/1/20,105,12785,2,3
4/1/20,65,13403,0,1
4/1/20,27,12570,2,7
4/1/20,81,11109,5,9
4/1/20,71,12589,1,4
4/1/20,805,60173,0,1
4/1/20,53,13332,0,2
4/1/20,109,,0,2
4/1/20,805,60031,0,1
4/1/20,95,12071,0,1
4/1/20,3,14770,0,1
4/1/20,107,13736,0,5
4/1/20,61,10000,1,1
4/1/20,23,13803,0,2
4/1/20,29,14069,1,1
4/1/20,805,7753,0,1
4/1/20,99,14588,0,1
4/1/20,121,14591,0,1
4/1/20,805,6877,0,1
4/1/20,77,13861,0,1
